id;action;document;description
1;indigo;extend task-force;end-to-end back-end Mississippi
2;Minnesota Robust Run;Devolved;Beauty
3;Savings hybrid;incentivize Internal online;ROI
4;emulation;Sausages input mobile;Plastic white
5;withdrawal JSON;Zloty Martinique;Executive
6;contextually-based foreground Granite;methodical ADP;Executive Shoes Assurance
7;Tasty Loan Plastic;maroon Automotive;Home connecting bypassing
8;Sahara;Industrial;withdrawal Balanced Borders
9;Glens;Borders;up Ridge
10;Principal;neural;Computers white
